post_weekday,post_hour,like_count_1h_q1_in_weekday_hour,like_count_1h_q2_in_weekday_hour,like_count_1h_q3_in_weekday_hour,like_count_1h_mean_in_weekday_hour,like_count_1h_std_in_weekday_hour,like_count_2h_q1_in_weekday_hour,like_count_2h_q2_in_weekday_hour,like_count_2h_q3_in_weekday_hour,like_count_2h_mean_in_weekday_hour,like_count_2h_std_in_weekday_hour,like_count_3h_q1_in_weekday_hour,like_count_3h_q2_in_weekday_hour,like_count_3h_q3_in_weekday_hour,like_count_3h_mean_in_weekday_hour,like_count_3h_std_in_weekday_hour,like_count_4h_q1_in_weekday_hour,like_count_4h_q2_in_weekday_hour,like_count_4h_q3_in_weekday_hour,like_count_4h_mean_in_weekday_hour,like_count_4h_std_in_weekday_hour,like_count_5h_q1_in_weekday_hour,like_count_5h_q2_in_weekday_hour,like_count_5h_q3_in_weekday_hour,like_count_5h_mean_in_weekday_hour,like_count_5h_std_in_weekday_hour,like_count_6h_q1_in_weekday_hour,like_count_6h_q2_in_weekday_hour,like_count_6h_q3_in_weekday_hour,like_count_6h_mean_in_weekday_hour,like_count_6h_std_in_weekday_hour
Saturday,13,1.0,2.0,4.0,2.320809248554913,2.4467607532814224,1.0,3.0,5.0,3.546242774566474,3.1904568368567836,2.0,4.0,7.0,4.965317919075145,3.865710956988677,3.0,5.0,8.0,6.014450867052023,4.540614701942017,3.0,5.0,9.0,6.777456647398844,5.060178195249681,4.0,6.0,10.0,7.144508670520231,5.246606789285231
Thursday,15,1.0,2.0,3.0,2.4292803970223327,2.6815819620499908,1.0,3.0,5.0,3.332506203473945,3.1808835753977314,1.0,3.0,6.0,4.024813895781637,3.6758428353040564,2.0,4.0,6.0,4.481389578163772,3.903885811909516,2.0,4.0,6.5,4.694789081885856,3.997965607367256,2.0,4.0,7.0,4.80893300248139,4.025505697718714
Sunday,14,1.0,2.0,3.0,2.408450704225352,2.5785811847284115,1.0,3.0,5.0,3.602816901408451,3.3110827351199776,2.0,4.0,6.0,4.583098591549295,4.145754956207481,2.0,4.0,6.0,5.304225352112676,4.684734091535506,2.5,5.0,7.0,5.653521126760563,4.941003094306076,3.0,5.0,7.0,5.816901408450704,5.009905045377466
Monday,14,1.0,2.0,3.0,2.3903002309468824,2.5508891246621044,1.0,3.0,5.0,3.6466512702078524,3.220642923918111,2.0,4.0,6.0,4.755196304849885,3.9452417450205726,2.0,4.0,7.0,5.4919168591224015,4.445717276681313,3.0,5.0,8.0,5.882217090069284,4.732911041313267,3.0,5.0,8.0,6.087759815242494,4.835886568680111
Wednesday,15,1.0,2.0,3.0,2.3668341708542715,2.420755243150888,1.0,3.0,5.0,3.399497487437186,3.0060727367251685,2.0,3.0,6.0,4.180904522613066,3.4579062382566064,2.0,4.0,6.0,4.580402010050252,3.6904557737262897,2.0,4.0,7.0,4.796482412060302,3.8151610176203565,2.0,4.0,7.0,4.914572864321608,3.8717134359926053
Thursday,14,1.0,2.0,3.0,2.36319612590799,2.6720054380475777,1.0,3.0,5.0,3.5181598062953996,3.2280302244154657,2.0,4.0,7.0,4.610169491525424,3.9017786857983703,2.0,4.0,8.0,5.36319612590799,4.42563159364891,2.0,5.0,8.0,5.757869249394673,4.660770730082822,3.0,5.0,8.0,5.9709443099273605,4.79726138797554
Tuesday,14,1.0,2.0,3.0,2.3622448979591835,2.5014375531791155,1.0,2.0,5.0,3.561224489795918,3.3272226816077173,2.0,4.0,6.0,4.752551020408164,4.126824931195354,2.0,4.0,7.0,5.3979591836734695,4.714324464804589,2.0,5.0,7.0,5.714285714285714,4.979754408019975,2.0,5.0,7.0,5.877551020408164,5.0663430944154815
Monday,15,1.0,2.0,3.0,2.3553299492385786,2.6987198016284086,1.0,3.0,5.0,3.281725888324873,3.236138349293143,2.0,3.0,5.0,3.9923857868020303,3.5899836474144733,2.0,3.0,6.0,4.434010152284264,3.793923179105661,2.0,4.0,6.0,4.697969543147208,3.919371339095915,2.0,4.0,6.0,4.819796954314721,3.9475587791572715
Wednesday,13,1.0,2.0,3.0,2.347945205479452,2.547790983987542,1.0,3.0,5.0,3.5561643835616437,3.428267523788371,2.0,4.0,6.0,4.728767123287671,4.120488857028273,3.0,5.0,7.0,5.6876712328767125,4.657616508469421,3.0,5.0,8.0,6.287671232876712,5.040711869900074,3.0,5.0,8.0,6.586301369863014,5.218450863467163
Monday,13,1.0,2.0,3.0,2.3359173126614987,2.626257778780718,1.0,3.0,5.0,3.4935400516795867,3.3184731218496153,2.0,4.0,6.0,4.741602067183463,4.025874927183173,2.0,4.0,7.0,5.651162790697675,4.428448709293114,3.0,5.0,8.0,6.17312661498708,4.712292522829484,3.0,5.0,8.0,6.434108527131783,4.878595994687719
Thursday,11,1.0,2.0,3.0,2.069060773480663,2.2791804187773086,1.0,3.0,5.0,3.196132596685083,2.8823056452751383,2.0,4.0,6.0,4.397790055248619,3.4579861527787257,3.0,5.0,7.0,5.524861878453039,4.0345722854567825,3.0,6.0,8.0,6.643646408839779,4.734803768085052,4.0,6.0,10.0,7.428176795580111,5.234827064502662
Tuesday,8,1.0,1.5,3.0,1.9455128205128205,2.1697079373955295,1.0,2.0,4.0,3.019230769230769,2.8824140334796953,2.0,3.0,5.0,3.891025641025641,3.35196581559574,2.0,4.0,6.0,4.993589743589744,4.0184410838448,3.0,5.0,7.0,5.951923076923077,4.62423326264752,4.0,5.0,9.0,6.855769230769231,5.102962261635924
Tuesday,15,1.0,1.0,3.0,2.367088607594937,2.5726855706495226,1.0,3.0,5.0,3.4329113924050634,3.207293461783126,1.0,3.0,6.0,4.144303797468354,3.699627736638695,2.0,4.0,6.0,4.539240506329114,3.9981409931868033,2.0,4.0,7.0,4.756962025316455,4.110982058876198,2.0,4.0,7.0,4.891139240506329,4.163632427731011
Wednesday,14,1.0,1.0,3.0,2.2867132867132867,2.5068757158102817,1.0,3.0,5.0,3.4335664335664338,3.2545283489620696,2.0,4.0,6.0,4.561771561771562,3.9380758898285846,2.0,4.0,7.0,5.258741258741258,4.396334422651869,2.0,4.0,7.0,5.706293706293707,4.739719077353284,3.0,5.0,8.0,5.93006993006993,4.8760098637472025
Monday,10,1.0,1.0,3.0,2.24,2.4973028929487975,1.0,2.5,4.0,3.31,3.186599239898086,2.0,3.5,5.25,4.32,3.855795273433932,3.0,4.0,7.0,5.43,4.521050725832641,3.0,5.0,8.0,6.613333333333333,5.135992303866261,4.0,6.0,9.0,7.62,5.609559447107717
Monday,11,1.0,1.0,3.0,2.2394822006472492,2.525376606318471,1.0,2.0,5.0,3.3462783171521036,3.2111555856132763,2.0,3.0,6.0,4.414239482200648,3.71770830221847,3.0,5.0,8.0,5.5954692556634305,4.2351473306369245,3.0,5.0,9.0,6.715210355987055,4.866042723818018,4.0,6.0,10.0,7.456310679611651,5.32351442425422
Tuesday,13,1.0,1.0,3.0,2.1597938144329896,2.2835739608992385,1.0,3.0,5.0,3.448453608247423,3.13518379803396,2.0,4.0,7.0,4.796391752577319,3.9554740626887748,3.0,5.0,8.0,5.829896907216495,4.5853302755760605,3.0,5.0,9.0,6.456185567010309,4.996705673045686,3.0,5.0,9.0,6.77319587628866,5.211307829601574
Sunday,11,1.0,1.0,3.0,2.154109589041096,2.5633318822314894,1.0,2.0,4.0,3.212328767123288,3.1167630228071554,2.0,4.0,6.0,4.404109589041096,3.5784363094707534,2.0,5.0,8.0,5.571917808219178,4.1382839737645885,3.0,6.0,9.0,6.667808219178082,4.75328694277387,4.0,6.0,10.0,7.513698630136986,5.233695088558191
Friday,6,1.0,1.0,3.0,2.1333333333333333,2.6346675061982765,1.0,3.0,4.0,3.307246376811594,3.441974100639172,2.0,3.0,5.0,4.43768115942029,4.163417000370659,3.0,4.0,7.0,5.484057971014493,4.624304573373954,3.0,5.0,8.0,6.446376811594203,5.176887918469065,4.0,5.0,9.0,7.336231884057971,5.56750254577726
Wednesday,5,1.0,1.0,3.0,2.1319018404907975,2.287980783175684,1.0,3.0,4.0,3.3098159509202456,3.1873348350364905,2.0,3.0,6.0,4.45398773006135,3.9910707319642063,3.0,4.0,7.0,5.450920245398773,4.372893681596055,3.0,5.0,8.0,6.355828220858895,4.873388941330054,4.0,6.0,9.0,7.08282208588957,5.178287154791623
Thursday,3,1.0,1.0,3.0,2.1314984709480123,2.7376860755591643,1.0,3.0,4.0,3.3363914373088686,3.27614399159573,2.0,4.0,6.0,4.5015290519877675,4.050202310888026,3.0,4.0,7.0,5.541284403669724,4.525724922629318,3.0,5.0,8.0,6.443425076452599,5.0161406240728095,4.0,6.0,9.0,7.2140672782874615,5.291796895960557
Friday,10,1.0,1.0,3.0,2.087431693989071,2.347369373314213,1.0,2.0,4.0,3.210382513661202,3.0199340219809505,2.0,4.0,6.0,4.355191256830601,3.6081434290250307,3.0,5.0,7.0,5.5136612021857925,4.180657251201638,3.0,5.0,8.0,6.603825136612022,4.710104162187297,4.0,6.0,10.0,7.560109289617486,5.221708531507964
Thursday,10,1.0,1.0,3.0,2.076487252124646,2.4290704148074242,1.0,2.0,4.0,3.2011331444759206,3.023919579192993,2.0,3.0,6.0,4.206798866855524,3.4853197334089185,3.0,4.0,7.0,5.254957507082153,3.9647071657464235,3.0,5.0,8.0,6.376770538243626,4.657255311978046,4.0,6.0,10.0,7.388101983002833,5.189540953470908
Wednesday,12,1.0,1.0,3.0,2.022292993630573,2.225931939692327,1.0,3.0,4.0,3.289808917197452,3.0724101478685,2.0,4.0,6.0,4.464968152866242,3.7570443525932906,3.0,5.0,7.0,5.544585987261146,4.35261876157755,3.0,5.0,8.0,6.401273885350318,4.737667525238472,3.25,5.0,9.0,6.945859872611465,5.173068504926201
Monday,7,1.0,1.0,3.0,1.8736842105263158,2.0890834903141937,1.0,2.0,4.0,2.7403508771929825,2.482889307454405,2.0,3.0,5.0,3.754385964912281,3.2124356833282484,2.0,4.0,6.0,4.922807017543859,4.00541084491595,3.0,5.0,7.0,5.996491228070176,4.573729520826117,4.0,5.0,8.0,6.898245614035088,5.115582767597196
Wednesday,7,0.5,1.0,3.0,2.09480122324159,2.176323489915789,1.0,2.0,4.0,3.051987767584098,2.7291407488152335,2.0,3.0,5.0,4.021406727828746,3.1049387499294565,2.0,4.0,7.0,5.018348623853211,3.7119810613149684,3.0,5.0,8.0,6.030581039755352,4.188684065578887,4.0,6.0,9.0,6.996941896024465,4.634823158583021
Friday,14,0.0,2.0,3.0,2.382051282051282,2.55131114987601,1.0,3.0,5.0,3.6025641025641026,3.29734544470874,2.0,4.0,6.0,4.756410256410256,3.9696337642158515,2.0,5.0,7.0,5.52051282051282,4.490302575223509,3.0,5.0,8.0,5.969230769230769,4.790100859565399,3.0,5.0,8.0,6.212820512820513,4.937484736219523
Sunday,15,0.0,2.0,3.0,2.320113314447592,2.4430020626336875,1.0,3.0,5.0,3.3399433427762037,3.0391418116511604,1.0,3.0,6.0,4.138810198300283,3.6221377023652344,2.0,4.0,6.0,4.501416430594901,3.840665074605889,2.0,4.0,6.0,4.722379603399434,3.979633234990046,2.0,4.0,7.0,4.838526912181303,4.040911531531681
Friday,12,0.0,2.0,3.0,2.1380281690140843,2.258841148141585,1.0,3.0,5.0,3.2732394366197184,3.0283480676400694,2.0,4.0,6.0,4.523943661971831,3.768943294365025,3.0,5.0,8.0,5.6845070422535215,4.372701910954934,3.0,5.0,9.0,6.692957746478873,4.873406561072967,4.0,6.0,10.0,7.332394366197183,5.283696666681852
Monday,8,0.0,2.0,3.0,2.0157232704402515,2.1097052163359997,1.0,2.0,4.0,3.0283018867924527,2.849951730743419,2.0,3.0,5.75,4.1572327044025155,3.626983679925725,2.0,4.0,7.0,5.462264150943396,4.4271342746567015,3.0,5.0,8.0,6.3584905660377355,4.92695287083136,4.0,6.0,9.75,7.273584905660377,5.526305921631192
Sunday,4,0.0,1.5,3.0,2.206730769230769,2.567081254793178,1.0,2.0,5.0,3.3028846153846154,3.321659463353642,2.0,3.0,6.0,4.394230769230769,3.930355712118559,3.0,4.0,7.0,5.538461538461538,4.444881063651889,3.0,5.0,8.25,6.5,4.957792870313113,3.75,6.0,10.0,7.461538461538462,5.420346490383088
Sunday,13,0.0,1.0,3.0,2.4248366013071894,2.966905570074302,1.0,3.0,5.0,3.650326797385621,3.8306721437864124,2.0,4.0,6.0,4.879084967320262,4.324738651742049,3.0,4.0,8.0,5.823529411764706,4.877674327655867,3.0,5.0,8.0,6.38562091503268,5.358155032369385,3.0,5.0,9.0,6.718954248366013,5.484951115450669
Sunday,12,0.0,1.0,3.0,2.37,3.333186730332432,1.0,2.0,5.0,3.4466666666666668,3.7879171863869097,2.0,4.0,6.0,4.756666666666667,4.253362496973159,3.0,5.0,8.0,6.05,4.834467248683697,3.0,6.0,9.0,7.053333333333334,5.205845269706861,4.0,6.0,10.0,7.583333333333333,5.42165750694665
Saturday,11,0.0,1.0,3.0,2.303754266211604,2.7770869422136557,1.0,2.0,5.0,3.5119453924914676,3.637329382679507,2.0,4.0,6.0,4.808873720136519,4.434954914879349,3.0,5.0,8.0,6.2320819112627985,5.227763878691323,3.0,6.0,10.0,7.546075085324232,5.868603479752407,4.0,6.0,11.0,8.505119453924914,6.465726903169262
Thursday,4,0.0,1.0,3.0,2.2313624678663238,2.4226047677131466,1.0,3.0,5.0,3.367609254498715,3.0990653215998853,2.0,3.0,6.0,4.4858611825192805,3.790646463275891,3.0,4.0,7.0,5.506426735218509,4.424985856218863,3.0,5.0,9.0,6.413881748071979,5.0119355065745745,4.0,6.0,9.0,7.22879177377892,5.507407741512552
Thursday,6,0.0,1.0,3.0,2.2096774193548385,2.6091509918662563,1.0,3.0,5.0,3.35752688172043,3.205221870085157,2.0,3.0,6.0,4.489247311827957,3.930994054527595,2.0,4.0,7.25,5.446236559139785,4.423633153046249,3.0,5.0,8.0,6.327956989247312,4.885753878686957,3.75,6.0,10.0,7.172043010752688,5.180564250120597
Saturday,15,0.0,1.0,3.0,2.1728045325779037,2.4520741009078484,1.0,3.0,5.0,3.311614730878187,3.126010009327984,2.0,3.0,6.0,4.334277620396601,3.8148019283120584,2.0,4.0,7.0,4.830028328611898,4.110616002456294,2.0,4.0,7.0,5.101983002832861,4.299949990426028,2.0,4.0,7.0,5.2266288951841355,4.36732108195776
Sunday,10,0.0,1.0,3.0,2.146718146718147,2.654836679033918,1.0,3.0,4.0,3.2625482625482625,3.194075619421711,2.0,4.0,6.0,4.281853281853282,3.7242265262333922,3.0,4.0,7.0,5.3938223938223935,4.404820349278624,3.0,5.0,8.0,6.45945945945946,4.998575116476244,4.0,6.0,10.0,7.528957528957529,5.556800714472291
Saturday,10,0.0,1.0,3.0,2.1455223880597014,2.5168530279479775,1.0,2.0,5.0,3.216417910447761,3.3472263441883605,2.0,3.0,5.25,4.324626865671642,4.04504480824363,2.0,4.0,7.0,5.384328358208955,4.5598040972047995,3.0,5.0,8.0,6.384328358208955,5.235793755614104,3.0,5.0,9.0,7.332089552238806,5.932657042797602
Saturday,14,0.0,1.0,3.0,2.1448863636363638,2.5146923231138,1.0,3.0,5.0,3.375,3.198334680633771,2.0,3.0,6.0,4.386363636363637,3.7384025967856878,2.0,4.0,7.0,5.181818181818182,4.146313928288497,3.0,5.0,8.0,5.684659090909091,4.565445952976198,3.0,5.0,8.0,5.926136363636363,4.628685347885299
Tuesday,9,0.0,1.0,3.0,2.143712574850299,2.5166722131119514,1.0,2.0,4.0,3.2395209580838324,3.1636250557791197,2.0,3.5,6.0,4.485029940119761,3.8692695300014446,3.0,4.0,7.0,5.5359281437125745,4.390499182313583,3.0,5.0,8.0,6.541916167664671,4.9133369924481505,4.0,6.0,10.0,7.577844311377246,5.445740007376457
Tuesday,11,0.0,1.0,3.0,2.1337579617834397,2.514102184531385,1.0,3.0,5.0,3.2643312101910826,2.978657045398594,2.0,4.0,6.0,4.56687898089172,3.814004604439772,3.0,5.0,7.0,5.8152866242038215,4.663530804674329,3.0,6.0,8.0,6.945859872611465,5.3354201375523695,4.0,6.0,9.0,7.713375796178344,5.900723901454925
Friday,16,0.0,1.0,3.0,2.129380053908356,2.5982269200632997,1.0,2.0,4.0,2.9784366576819408,3.2290185494354984,1.0,3.0,5.0,3.568733153638814,3.574306700713123,1.0,3.0,5.0,3.7951482479784366,3.712080813297255,1.0,3.0,5.0,3.9568733153638815,3.7937751194398173,1.0,3.0,5.0,4.126684636118599,3.918440748253584
Sunday,9,0.0,1.0,3.0,2.119565217391304,2.59163293404412,1.0,2.5,5.0,3.3333333333333335,3.418310764814764,2.0,3.5,6.0,4.568840579710145,4.037862633975603,2.0,4.0,8.0,5.688405797101449,4.587414759594787,3.0,5.0,9.0,6.840579710144928,5.323356940621168,4.0,6.0,10.0,7.905797101449275,5.9767886557118715
Tuesday,12,0.0,1.0,3.0,2.1149068322981366,2.4410485255449803,1.0,3.0,5.0,3.282608695652174,3.11227226578472,2.0,4.0,6.0,4.456521739130435,3.6180110645752412,3.0,5.0,7.0,5.583850931677019,4.053472810066223,4.0,5.0,8.0,6.456521739130435,4.62348444625475,4.0,6.0,9.0,6.990683229813665,5.0310475457037995
Friday,13,0.0,1.0,3.0,2.0895953757225434,2.3751262626102365,1.0,3.0,5.0,3.320809248554913,3.2479157969962813,2.0,4.0,6.0,4.621387283236994,4.0415959446747936,2.0,5.0,8.0,5.621387283236994,4.537573166768756,3.0,5.0,8.0,6.367052023121388,5.048858213027649,3.0,5.0,9.0,6.763005780346821,5.270801845878596
Thursday,12,0.0,1.0,3.0,2.088709677419355,2.1456861886277374,1.0,3.0,5.0,3.293010752688172,2.883666161950233,2.0,4.0,6.0,4.379032258064516,3.4810060089773094,3.0,5.0,7.0,5.56989247311828,4.102192824847985,3.0,5.0,8.0,6.368279569892473,4.6871234113379705,4.0,5.5,9.0,6.811827956989247,4.863868646757334
Tuesday,16,0.0,1.0,3.0,2.0884718498659516,2.6640177177367117,1.0,2.0,4.0,2.8016085790884717,3.179791294147276,1.0,2.0,4.0,3.1849865951742626,3.3729776596993024,1.0,2.0,5.0,3.447721179624665,3.551552198521714,1.0,3.0,5.0,3.6246648793565686,3.639483702568707,1.0,3.0,5.0,3.7908847184986594,3.740108462590793
Monday,4,0.0,1.0,3.0,2.0875912408759123,2.3719189077267,1.0,2.0,4.0,3.0182481751824817,2.905665023288259,2.0,3.0,5.0,3.9963503649635035,3.4242168968463744,3.0,4.0,7.0,5.1678832116788325,3.9964624339921584,3.0,5.0,8.0,6.153284671532846,4.550716259605935,4.0,5.0,9.75,7.018248175182482,5.010212559053899
Friday,8,0.0,1.0,3.0,2.08125,2.5324771349158253,1.0,2.0,4.0,3.19375,3.163262620700899,2.0,3.0,6.0,4.2,3.7118804434319115,2.0,4.0,7.25,5.209375,4.236345158011284,3.0,5.0,8.0,6.146875,4.776541709786396,3.0,5.0,9.0,7.078125,5.236431002075597
Friday,15,0.0,1.0,3.0,2.077127659574468,2.3521696638762206,1.0,2.0,5.0,3.172872340425532,3.2040654582877846,1.0,3.0,5.0,3.978723404255319,3.780592471111389,2.0,4.0,6.0,4.473404255319149,4.11363068916116,2.0,4.0,6.0,4.699468085106383,4.2655331495189905,2.0,4.0,6.0,4.824468085106383,4.34585316322492
Wednesday,16,0.0,1.0,3.0,2.0707395498392285,2.136052833936053,1.0,2.0,4.0,2.729903536977492,2.559808395744285,1.0,2.0,4.5,3.0964630225080385,2.8313373731158307,1.0,3.0,5.0,3.334405144694534,2.957342892482267,1.0,3.0,5.0,3.5434083601286175,3.0549610562631933,1.0,3.0,5.0,3.710610932475884,3.1714222839251267
Monday,16,0.0,1.0,3.0,2.0539682539682538,2.4365074589902433,1.0,2.0,4.0,2.7142857142857144,3.0265732416211533,1.0,2.0,4.0,3.073015873015873,3.251320473990224,1.0,3.0,5.0,3.3015873015873014,3.3445217143752273,1.0,3.0,5.0,3.447619047619048,3.4168399535866234,1.0,3.0,5.0,3.596825396825397,3.5060442920329598
Thursday,8,0.0,1.0,3.0,2.0371517027863777,2.481956113174092,1.0,2.0,4.0,3.1052631578947367,3.0849368822033973,2.0,3.0,6.0,4.191950464396285,3.667931818290188,2.0,4.0,7.0,5.30030959752322,4.207310248981038,3.0,5.0,8.0,6.266253869969041,4.664888729070022,4.0,6.0,9.0,7.260061919504644,5.300930071551901
Wednesday,10,0.0,1.0,3.0,2.034700315457413,2.192203025028234,1.0,2.0,5.0,3.170347003154574,2.800769142682089,2.0,4.0,6.0,4.16403785488959,3.238157602216161,3.0,4.0,7.0,5.145110410094637,3.7125023637786643,4.0,5.0,8.0,6.277602523659306,4.135968722305856,4.0,6.0,9.0,7.305993690851735,4.747857148892453
Sunday,7,0.0,1.0,3.0,2.0303030303030303,2.4243360392110236,1.0,2.0,5.0,3.1893939393939394,3.088387610766458,1.0,3.0,6.0,4.162878787878788,3.8399521801329812,2.0,4.0,7.0,5.295454545454546,4.6057306614350235,3.0,5.0,8.0,6.356060606060606,5.184258970784623,3.0,6.0,9.25,7.3106060606060606,5.765549417667644
Thursday,5,0.0,1.0,3.0,2.026595744680851,2.455868640652803,1.0,2.0,4.0,3.026595744680851,3.2429344910859936,1.0,3.0,5.0,3.9893617021276597,3.7778150464021785,2.0,4.0,7.0,4.962765957446808,4.244362134535415,3.0,5.0,8.0,5.816489361702128,4.700166739157935,3.0,5.0,9.0,6.51595744680851,4.9065681843339055
Tuesday,7,0.0,1.0,3.0,2.0259740259740258,2.394205959231352,1.0,2.0,4.0,3.211038961038961,3.126685847563929,2.0,3.0,6.0,4.321428571428571,3.874740117975917,2.0,4.0,7.0,5.51948051948052,4.802579083475821,3.0,5.0,8.0,6.444805194805195,5.297673783740424,3.0,6.0,9.0,7.298701298701299,5.6321897895753095
Wednesday,6,0.0,1.0,3.0,2.0192926045016075,2.225862822464358,1.0,2.0,4.5,3.0385852090032155,2.7995028230787113,2.0,3.0,6.0,4.061093247588424,3.413369930849163,2.0,4.0,7.0,5.086816720257235,4.11944873721694,3.0,5.0,8.0,5.954983922829582,4.753731904080174,3.0,5.0,9.0,6.823151125401929,5.224407147072075
Sunday,6,0.0,1.0,3.0,2.016326530612245,2.44776135083584,1.0,2.0,4.0,2.963265306122449,2.8606067994905207,2.0,3.0,5.0,4.016326530612245,3.4687921870880474,2.0,4.0,6.0,5.061224489795919,4.185299033841724,3.0,5.0,7.0,5.96734693877551,4.641994155069301,4.0,5.0,8.0,6.942857142857143,5.1713270009563
Friday,11,0.0,1.0,3.0,2.014705882352941,2.2920450289456706,1.0,2.0,5.0,3.323529411764706,3.1353027285610504,2.0,4.0,6.0,4.573529411764706,3.7696043174379534,3.0,5.0,8.0,5.852941176470588,4.321397354996926,4.0,6.0,9.0,7.017647058823529,4.985493444967542,4.0,6.0,10.0,7.91764705882353,5.5483113159893875
Thursday,7,0.0,1.0,3.0,2.0103092783505154,2.5253028384856258,1.0,2.0,4.0,3.0438144329896906,3.170542366989663,2.0,3.0,5.0,3.981958762886598,3.54770869438392,2.0,4.0,6.0,5.025773195876289,4.0372113677653205,3.0,5.0,8.0,6.051546391752577,4.565619489557099,4.0,5.0,9.0,6.912371134020619,5.081511458639141
Thursday,9,0.0,1.0,3.0,1.9947780678851175,2.3188221171160643,1.0,2.0,4.0,3.0783289817232378,3.044026908256442,2.0,3.0,5.0,4.172323759791123,3.7355749194300505,2.0,4.0,7.0,5.224543080939948,4.374691999641298,3.0,5.0,9.0,6.245430809399478,4.889065024780835,3.0,5.0,9.0,7.122715404699739,5.435782255842264
Thursday,16,0.0,1.0,3.0,1.9921875,2.2535012285788234,1.0,2.0,4.0,2.6901041666666665,2.663025231457046,1.0,2.0,5.0,3.2057291666666665,2.931216429084353,1.0,3.0,5.0,3.4401041666666665,3.0644182150864894,1.0,3.0,5.0,3.6145833333333335,3.1692708361268394,1.0,3.0,5.0,3.7630208333333335,3.2508022291003957
Friday,5,0.0,1.0,3.0,1.9920212765957446,2.315729439481096,1.0,2.0,4.0,3.0638297872340425,3.050013370509003,2.0,3.0,5.0,4.122340425531915,3.6127080665988056,2.0,4.0,7.0,5.122340425531915,4.1947180566121585,3.0,5.0,8.0,6.042553191489362,4.717434090388875,3.0,5.0,9.0,6.792553191489362,5.0916452217166315
Friday,9,0.0,1.0,3.0,1.986970684039088,2.4320490048275882,1.0,2.0,4.0,3.1009771986970684,3.1279207040542043,2.0,3.0,6.0,4.17915309446254,3.7193833295725893,2.0,4.0,7.0,5.2052117263843645,4.3038482784648755,3.0,5.0,8.0,6.182410423452769,4.839848555497623,4.0,6.0,10.0,7.1237785016286646,5.300541474664108
Thursday,13,0.0,1.0,3.0,1.9714285714285715,2.035283718769491,1.0,2.0,5.0,3.183333333333333,2.8880807367669497,2.0,4.0,6.0,4.430952380952381,3.681534136952369,2.0,5.0,7.0,5.5476190476190474,4.5019347787261,3.0,5.0,8.0,6.126190476190477,4.7712123777014,3.0,5.0,8.0,6.433333333333334,4.9182173976679735
Wednesday,9,0.0,1.0,3.0,1.9666666666666666,2.112801719129516,1.0,2.5,4.0,3.0393939393939395,2.647754039800962,2.0,3.0,5.0,4.118181818181818,3.198779644339742,2.25,4.0,7.0,5.127272727272727,3.7248261604259816,3.0,5.0,8.0,6.1454545454545455,4.2836432317401725,4.0,6.0,9.0,7.109090909090909,4.890308239013313
Tuesday,3,0.0,1.0,3.0,1.9535714285714285,2.219493652555176,1.0,2.0,4.0,3.0642857142857145,3.2598584182939714,1.0,3.0,6.0,4.110714285714286,3.7947180122674116,2.0,4.0,7.0,5.0928571428571425,4.237393580053492,3.0,5.0,8.0,6.003571428571429,4.6238420728429865,3.0,5.0,10.0,6.985714285714286,5.119343755946797
Tuesday,10,0.0,1.0,3.0,1.952513966480447,2.073031270450056,1.0,2.0,4.0,2.868715083798883,2.5824388668908353,2.0,3.0,5.0,3.9497206703910615,3.3393901437838425,3.0,4.0,7.0,5.128491620111732,4.12754950852291,3.0,5.0,8.0,6.276536312849162,4.963063261016463,4.0,6.0,9.0,7.298882681564246,5.633289299151476
Monday,9,0.0,1.0,3.0,1.9522292993630572,2.5643684270560523,1.0,2.0,4.0,3.0127388535031847,3.1236238092242608,2.0,3.0,5.0,4.073248407643312,3.7524498011274563,2.0,4.0,7.0,5.085987261146497,4.205077694308712,3.0,5.0,8.0,6.187898089171974,4.689023963214539,4.0,6.0,9.0,7.1369426751592355,5.1504866437677395
Wednesday,4,0.0,1.0,3.0,1.9444444444444444,2.4562102993449857,1.0,2.0,4.0,2.810457516339869,2.9459650293116053,2.0,3.0,5.0,3.849673202614379,3.4006195035033575,2.0,4.0,6.0,4.8202614379084965,3.9418371264457552,3.0,5.0,7.0,5.696078431372549,4.4059331436098175,3.0,5.0,8.0,6.450980392156863,4.7762268892898
Wednesday,8,0.0,1.0,3.0,1.934782608695652,2.284739045736061,1.0,2.0,4.0,3.015527950310559,2.9822540348702407,2.0,3.0,5.75,4.118012422360248,3.7331200684317754,2.0,4.0,7.0,5.357142857142857,4.319025710569749,3.0,5.0,8.0,6.332298136645963,4.929232561253817,3.0,6.0,10.0,7.232919254658385,5.5161984787543
Sunday,8,0.0,1.0,3.0,1.920754716981132,2.416276757252499,1.0,2.0,4.0,2.883018867924528,2.9691428112729032,1.0,3.0,5.0,3.9886792452830186,3.5446107394823994,2.0,4.0,7.0,5.128301886792453,4.193988182889423,3.0,5.0,8.0,6.166037735849057,4.808725631135584,4.0,5.0,9.0,7.245283018867925,5.5428962877468795
Wednesday,3,0.0,1.0,3.0,1.917857142857143,2.4238293662555925,1.0,2.0,4.0,3.0035714285714286,3.3723503756003144,1.0,3.0,5.0,3.982142857142857,4.014717866726274,2.0,4.0,6.0,5.042857142857143,4.628680155240657,3.0,5.0,8.0,6.007142857142857,5.054536169966259,3.0,5.0,9.0,6.8428571428571425,5.588353773757138
Wednesday,11,0.0,1.0,3.0,1.9154929577464788,2.0635830754814655,1.0,2.0,4.0,3.056338028169014,2.670657275071888,2.0,4.0,6.0,4.343661971830986,3.5383585039341825,3.0,5.0,7.0,5.549295774647887,4.216555789148851,3.0,5.0,9.0,6.577464788732394,4.762915749402201,4.0,6.0,10.0,7.323943661971831,5.102825870164868
Saturday,7,0.0,1.0,3.0,1.9101123595505618,2.3981843826512868,1.0,2.0,4.0,2.8838951310861423,2.997116878426019,1.0,3.0,5.0,3.898876404494382,3.5637426802003755,2.0,4.0,6.5,4.925093632958801,4.164160492101843,3.0,5.0,8.0,5.947565543071161,4.6716493833456205,3.0,5.0,9.0,6.857677902621723,5.08964441801962
Saturday,16,0.0,1.0,3.0,1.9034090909090908,2.207676266764332,1.0,2.0,4.0,2.6420454545454546,2.734655573073345,1.0,2.0,4.0,3.2386363636363638,3.2078760559704906,1.0,3.0,5.0,3.5113636363636362,3.480492869383676,1.0,3.0,5.0,3.6761363636363638,3.6229246128760058,1.0,3.0,5.0,3.840909090909091,3.6409709222498945
Sunday,16,0.0,1.0,3.0,1.900662251655629,2.3048553889457772,1.0,2.0,4.0,2.662251655629139,2.823459900585308,1.0,2.0,5.0,3.1357615894039736,3.1239264068577617,1.0,3.0,5.0,3.4271523178807946,3.357887205030207,1.0,3.0,5.0,3.609271523178808,3.4803167647748805,1.0,3.0,5.0,3.76158940397351,3.562836246105774
Friday,7,0.0,1.0,3.0,1.8983516483516483,2.2014514439398427,1.0,2.0,4.0,2.7637362637362637,2.8224216975483145,1.0,3.0,5.0,3.6950549450549453,3.487542212744953,2.0,4.0,6.0,4.684065934065934,4.26358389268533,3.0,4.0,7.0,5.670329670329671,4.682903540107269,3.0,5.0,8.0,6.420329670329671,5.101366305513562
Tuesday,5,0.0,1.0,3.0,1.8975903614457832,2.2719344222491267,1.0,2.0,4.0,3.0451807228915664,3.0663963168635586,2.0,3.0,5.25,4.13855421686747,3.6878286400838434,2.0,4.0,7.0,5.274096385542169,4.23410738458014,3.0,5.0,8.0,6.253012048192771,4.782504301683879,4.0,5.0,9.0,7.0602409638554215,5.210028437195267
Friday,4,0.0,1.0,3.0,1.896969696969697,2.417324106309536,1.0,2.0,4.0,2.963636363636364,2.9697377594272365,1.0,3.0,5.0,3.9757575757575756,3.5532450430822573,2.0,4.0,7.0,5.003030303030303,4.026884187616664,3.0,5.0,8.0,6.033333333333333,4.523707672292345,3.0,5.0,9.0,6.972727272727273,5.147890217787353
Monday,6,0.0,1.0,3.0,1.889261744966443,2.1534919083368673,1.0,2.0,4.0,2.7684563758389262,2.718575266799782,1.0,3.0,5.0,3.795302013422819,3.403559942009418,2.0,4.0,6.75,4.697986577181208,3.9435489630612723,2.0,4.0,8.0,5.573825503355705,4.445281173355533,3.0,5.0,8.75,6.473154362416107,4.988297832830485
Tuesday,6,0.0,1.0,3.0,1.8860398860398861,2.1944355573922456,1.0,2.0,4.0,2.8803418803418803,2.7250029404830047,1.5,3.0,6.0,4.01994301994302,3.467753656953652,2.0,4.0,7.0,5.094017094017094,4.021335043382426,3.0,5.0,8.0,6.071225071225071,4.557323579602202,4.0,6.0,9.5,7.122507122507122,5.11293379402589
Monday,5,0.0,1.0,3.0,1.8860294117647058,2.2446877935794705,1.0,2.0,4.0,2.75,2.6162986164015187,2.0,3.0,5.0,3.8125,3.1944587054247884,2.0,4.0,6.0,4.805147058823529,3.658217658349278,3.0,5.0,7.0,5.694852941176471,4.2101935665231345,3.0,5.0,8.0,6.492647058823529,4.86950950882352
Saturday,12,0.0,1.0,3.0,1.8832807570977919,2.1158543984601033,1.0,2.0,4.0,3.0126182965299684,2.538282539318863,2.0,4.0,6.0,4.239747634069401,3.2626478238059717,3.0,4.0,8.0,5.482649842271293,3.9957075758950187,3.0,5.0,9.0,6.5015772870662465,4.594730474924946,4.0,6.0,10.0,7.094637223974764,5.044473377464863
Tuesday,4,0.0,1.0,3.0,1.875,2.062070986202162,1.0,2.0,4.0,2.8948863636363638,3.002900210406545,2.0,3.0,5.0,4.017045454545454,3.7568163035566093,2.0,4.0,7.0,5.025568181818182,4.242899174908992,3.0,5.0,8.0,5.971590909090909,4.696399757385509,3.0,5.0,9.0,6.965909090909091,5.195217751960688
Saturday,5,0.0,1.0,3.0,1.8619402985074627,2.1074966876740793,1.0,2.0,4.0,2.9738805970149254,2.8657980333079993,2.0,3.0,6.0,4.2164179104477615,3.6275308929082684,2.0,4.0,7.0,5.287313432835821,4.320873847702449,3.0,5.0,8.25,6.380597014925373,4.929153167948797,4.0,6.0,9.25,7.2164179104477615,5.4763528970621635
Monday,12,0.0,1.0,3.0,1.8567164179104478,1.867723315540147,1.0,2.0,4.0,2.937313432835821,2.5860540202164572,2.0,4.0,6.0,4.059701492537314,3.217097833995847,2.0,4.0,7.0,5.28955223880597,3.9331667517552837,3.0,5.0,8.0,6.149253731343284,4.31073625338017,3.0,5.0,9.0,6.659701492537313,4.665199859704384
Tuesday,1,0.0,1.0,3.0,1.852760736196319,2.2394695382545007,1.0,2.0,4.0,2.7116564417177913,2.73234834641877,1.0,3.0,5.0,3.6564417177914113,3.035551423655394,2.0,4.0,6.0,4.693251533742331,3.6537335688163948,3.0,5.0,8.0,5.625766871165644,4.1142418853288705,3.0,5.0,9.0,6.41717791411043,4.50899779579367
Monday,1,0.0,1.0,3.0,1.782857142857143,2.15191517403827,1.0,2.0,4.0,2.6228571428571428,2.8132573784095367,1.0,3.0,5.0,3.6285714285714286,3.6062343390820266,2.0,4.0,6.0,4.554285714285714,4.1016076787135685,2.0,4.0,7.0,5.411428571428571,4.590330380803337,3.0,5.0,8.0,6.28,5.101994201053761
Saturday,9,0.0,1.0,3.0,1.7811320754716982,1.9955496512290287,1.0,2.0,4.0,2.8037735849056604,2.6627311582789006,2.0,3.0,6.0,3.890566037735849,3.1669615582954247,2.0,4.0,7.0,4.9245283018867925,3.77917467643286,3.0,5.0,8.0,5.9849056603773585,4.377949059154432,4.0,5.0,9.0,6.867924528301887,4.878981419441167
Friday,3,0.0,1.0,3.0,1.7049180327868851,1.8632902976699186,1.0,2.0,4.0,2.822950819672131,2.610983470854103,2.0,3.0,5.0,3.8721311475409834,3.2097779860273596,2.0,4.0,7.0,4.881967213114754,3.799130276021688,3.0,5.0,8.0,5.819672131147541,4.243835299589643,3.0,6.0,9.0,6.583606557377049,4.6041021585971516
Wednesday,2,0.0,1.0,3.0,1.606694560669456,1.9586366471498806,1.0,2.0,4.0,2.6234309623430963,2.655348800942648,1.0,3.0,5.0,3.6401673640167362,3.2572184821990606,2.0,4.0,6.0,4.585774058577406,3.765160743942759,3.0,5.0,7.0,5.518828451882845,4.345221113000785,3.0,6.0,8.5,6.543933054393306,4.847804971068478
Monday,3,0.0,1.0,2.75,1.7671755725190839,1.9776507115444515,1.0,2.0,4.0,2.736641221374046,2.615037741956606,1.0,3.0,5.0,3.6717557251908395,3.299698693063568,2.0,4.0,6.0,4.625954198473282,3.8153468638356816,3.0,5.0,7.0,5.641221374045801,4.335664628930673,3.0,5.0,8.0,6.442748091603053,4.641409987485612
Friday,2,0.0,1.0,2.0,1.8291814946619218,2.166136052764208,1.0,2.0,4.0,2.7793594306049823,2.7802365551317942,2.0,3.0,5.0,4.00355871886121,3.4851708511518282,2.0,4.0,7.0,5.192170818505338,4.249211177131548,3.0,5.0,8.0,6.220640569395018,4.69434320854728,4.0,6.0,9.0,7.06049822064057,5.073027952616911
Thursday,1,0.0,1.0,2.0,1.8131313131313131,2.246357297843084,1.0,2.0,4.0,2.893939393939394,2.859459967538089,2.0,3.0,5.0,3.8535353535353534,3.268642374262593,3.0,4.0,6.0,5.161616161616162,4.010663630307771,3.0,5.0,8.0,5.98989898989899,4.5542303634031445,4.0,5.0,8.0,6.828282828282828,4.939307590432246
Saturday,8,0.0,1.0,2.0,1.7446043165467626,2.0734412234566273,1.0,2.0,4.0,2.758992805755396,2.582118821831474,2.0,3.0,5.0,3.9280575539568345,3.3391675993581673,2.0,4.0,6.75,5.071942446043166,4.14126070860111,3.0,5.0,8.0,6.046762589928058,4.71589679935146,4.0,5.0,9.0,6.899280575539568,5.184390573417869
Monday,2,0.0,1.0,2.0,1.6711711711711712,2.1828159565065537,1.0,2.0,3.0,2.5225225225225225,2.761555227267073,1.0,3.0,5.0,3.671171171171171,3.4147639891784,2.0,4.0,7.0,4.864864864864865,4.0315194501178455,3.0,5.0,8.0,5.887387387387387,4.5989299781878135,3.0,5.0,8.75,6.585585585585585,5.0040137165526835
Wednesday,0,0.0,1.0,2.0,1.6694214876033058,2.2781148264594644,1.0,2.0,4.0,2.87603305785124,3.1479364879602323,1.0,3.0,5.0,3.87603305785124,3.5952984297409962,2.0,4.0,7.0,4.8347107438016526,4.081149975676825,3.0,5.0,8.0,5.851239669421488,4.534426014805684,3.0,5.0,9.0,6.553719008264463,4.816552039967908
Saturday,1,0.0,1.0,2.0,1.65625,2.2358478812368907,1.0,2.0,3.0,2.59375,2.9602018977749722,1.0,3.0,5.0,3.5546875,3.62365064486948,2.0,4.0,6.0,4.625,4.052801111625601,2.75,5.0,8.0,5.671875,4.727386078358554,3.0,5.0,10.0,6.46875,5.167947093900471
Sunday,17,0.0,1.0,2.0,1.6507936507936507,2.0639862422618958,0.0,1.0,3.0,2.1587301587301586,2.555870356938564,1.0,2.0,4.0,2.5317460317460316,2.7387917420204646,1.0,2.0,4.0,2.746031746031746,2.8169563635893726,1.0,2.0,4.0,3.003968253968254,2.9880212587618713,1.0,2.5,5.0,3.4087301587301586,3.3033248936776434
Saturday,6,0.0,1.0,2.0,1.648068669527897,1.962077574678757,1.0,2.0,4.0,2.587982832618026,2.4778730728633485,1.0,3.0,5.0,3.592274678111588,3.041569818154679,2.0,4.0,6.0,4.553648068669528,3.6017113982522435,3.0,4.0,7.0,5.373390557939914,4.019625894766324,3.0,5.0,9.0,6.278969957081545,4.562245246921633
Tuesday,2,0.0,1.0,2.0,1.642512077294686,1.9502873745425398,1.0,2.0,4.0,2.739130434782609,2.597527804759058,2.0,3.0,5.0,3.995169082125604,3.3638535237915588,3.0,4.0,7.0,5.256038647342995,4.02023398807675,3.0,5.0,8.5,6.318840579710145,4.734174722135267,4.0,6.0,10.0,7.188405797101449,5.122599922934803
Saturday,4,0.0,1.0,2.0,1.6300813008130082,2.1374573855391485,1.0,2.0,3.75,2.7154471544715446,2.783391926330768,1.0,3.0,5.0,3.6260162601626016,3.422371475164588,2.0,3.0,6.0,4.573170731707317,3.9290560359960525,3.0,4.0,7.0,5.471544715447155,4.308179601834845,3.0,5.0,8.0,6.252032520325203,4.662649673141691
Sunday,18,0.0,1.0,2.0,1.628930817610063,2.945826180817288,0.0,1.0,3.0,1.849056603773585,3.008823899178781,0.0,1.0,3.0,1.9811320754716981,3.0052100289145676,0.0,1.0,3.0,2.188679245283019,3.0691808401227583,1.0,2.0,4.0,2.591194968553459,3.366276981312031,1.0,2.0,5.0,3.289308176100629,3.755748188451844
Wednesday,1,0.0,1.0,2.0,1.6275862068965516,1.9000907419347652,1.0,2.0,4.0,2.6206896551724137,2.7362508959372205,1.0,3.0,5.0,3.6620689655172414,3.2749484509411504,2.0,4.0,7.0,4.896551724137931,3.975138253939231,3.0,5.0,8.0,5.862068965517241,4.565298897442369,3.0,5.0,9.0,6.751724137931035,4.970092546761242
Monday,0,0.0,1.0,2.0,1.6226415094339623,1.9926189045655438,1.0,2.0,4.0,2.792452830188679,2.755831846180112,2.0,3.0,5.0,3.9056603773584904,3.4901993445232224,2.0,4.0,6.0,4.820754716981132,3.8416196232499966,3.0,5.0,7.0,5.943396226415095,4.505721629596551,4.0,5.0,8.0,6.773584905660377,4.840863793183087
Sunday,3,0.0,1.0,2.0,1.595959595959596,1.8656346719879788,1.0,2.0,4.0,2.7626262626262625,2.4781721550710953,2.0,3.0,5.0,3.7777777777777777,2.9925645778156675,2.0,4.0,6.0,4.6313131313131315,3.5107419339552384,3.0,5.0,7.0,5.525252525252525,4.038754983169921,3.0,5.0,8.0,6.313131313131313,4.416504497056134
Sunday,5,0.0,1.0,2.0,1.593073593073593,1.7714510359649753,1.0,2.0,4.0,2.6406926406926408,2.427359890890127,2.0,3.0,5.0,3.588744588744589,2.9854216335609336,2.0,4.0,6.0,4.658008658008658,3.5459607663433697,3.0,4.0,7.0,5.571428571428571,4.049998082968644,3.0,5.0,8.0,6.303030303030303,4.3999940112547575
Thursday,17,0.0,1.0,2.0,1.5912408759124088,2.0256767314047277,0.0,1.0,3.0,2.113138686131387,2.348323929401351,0.0,2.0,4.0,2.394160583941606,2.5328831224214197,1.0,2.0,4.0,2.576642335766423,2.7167170117914687,1.0,2.0,4.0,2.81021897810219,2.8362717279044873,1.0,2.0,4.0,3.167883211678832,3.048014649733797
Sunday,0,0.0,1.0,2.0,1.5735294117647058,2.307134790041653,1.0,1.0,3.25,2.573529411764706,3.0533376720272103,1.0,2.0,4.25,3.4558823529411766,3.6992690828252304,2.0,3.0,6.0,4.5,4.1339511655081225,2.0,4.0,7.25,5.514705882352941,4.823736852859671,3.0,5.0,8.25,6.470588235294118,5.173037412074767
Saturday,3,0.0,1.0,2.0,1.5605381165919283,1.7844835922776505,1.0,2.0,4.0,2.609865470852018,2.411550934512541,2.0,3.0,5.0,3.663677130044843,2.8850154844880587,2.0,4.0,6.0,4.6591928251121075,3.461564151154922,3.0,5.0,7.0,5.596412556053812,3.9121416049446527,3.0,5.0,9.0,6.484304932735426,4.3067593360517895
Friday,17,0.0,1.0,2.0,1.5318352059925093,1.8089994334395048,0.0,1.0,3.0,2.0374531835205993,2.169183925552456,1.0,2.0,4.0,2.445692883895131,2.450995307125388,1.0,2.0,4.0,2.6292134831460676,2.5797739415677414,1.0,2.0,4.0,2.8127340823970037,2.6490434534932934,1.0,2.0,4.0,3.0749063670411987,2.8020547459802754
Thursday,2,0.0,1.0,2.0,1.524,1.712646089098978,1.0,2.0,4.0,2.648,2.6090851464076095,1.0,3.0,5.0,3.804,3.4718581763642296,2.0,4.0,8.0,5.064,4.349664622625206,2.0,5.0,8.0,5.96,4.901274319994684,3.0,5.0,9.0,6.776,5.326849472362142
Tuesday,17,0.0,1.0,2.0,1.5166666666666666,2.0919584359229053,0.0,1.0,3.0,1.9,2.402578809787203,0.0,1.0,3.0,2.1125,2.566245731572039,0.0,2.0,3.0,2.2125,2.58428020618903,1.0,2.0,3.0,2.3833333333333333,2.634446210122858,1.0,2.0,4.0,2.7875,2.8017944787680684
Friday,0,0.0,1.0,2.0,1.5092592592592593,2.0756504233179554,0.0,2.0,3.0,2.3333333333333335,2.543086652008965,1.0,2.0,4.0,3.0555555555555554,2.8410651330694052,2.0,3.0,5.0,4.027777777777778,3.3052163058808177,3.0,4.0,6.0,5.037037037037037,3.733971166400811,3.0,4.5,7.0,5.814814814814815,4.200908108653242
Friday,1,0.0,1.0,2.0,1.4885057471264367,1.7724236557814603,1.0,2.0,3.0,2.4655172413793105,2.6108855090408527,1.0,3.0,5.0,3.5689655172413794,3.300615123781604,2.0,4.0,6.0,4.67816091954023,3.924119143081632,2.0,5.0,7.0,5.517241379310345,4.393537211022144,3.0,6.0,8.0,6.488505747126437,4.9163388155900885
Sunday,1,0.0,1.0,2.0,1.4766355140186915,1.8292476770546615,1.0,2.0,3.0,2.2710280373831777,2.2552667643655306,1.0,2.0,4.5,3.149532710280374,2.7293089121737184,2.0,4.0,6.0,4.299065420560748,3.245359395950982,2.0,4.0,6.5,5.224299065420561,3.90526594464389,3.0,5.0,7.0,6.009345794392523,4.320847504006949
Saturday,17,0.0,1.0,2.0,1.443579766536965,1.7649273030960815,0.0,1.0,3.0,1.933852140077821,2.1101276308974874,1.0,1.0,4.0,2.3268482490272375,2.4129733563153852,1.0,2.0,4.0,2.5330739299610894,2.5015377080246584,1.0,2.0,4.0,2.669260700389105,2.5866900600818163,1.0,2.0,4.0,2.8715953307392996,2.7119258075403008
Saturday,2,0.0,1.0,2.0,1.4421052631578948,1.8298858753767595,1.0,2.0,3.0,2.568421052631579,2.5805648517430817,1.0,3.0,5.0,3.794736842105263,3.3594175742705796,2.0,4.0,6.75,4.947368421052632,4.096374499901337,3.0,5.0,7.0,5.931578947368421,4.661057017478906,3.0,6.0,8.75,6.8578947368421055,5.05271845627528
Tuesday,0,0.0,1.0,2.0,1.4363636363636363,1.8098977249591601,1.0,2.0,3.0,2.381818181818182,2.419272080157899,2.0,3.0,4.0,3.2363636363636363,2.6298472859254414,2.0,3.0,6.0,4.236363636363636,3.328848804311831,3.0,4.0,6.75,5.181818181818182,3.744554010463872,3.0,5.0,8.0,6.2,4.203100646650227
Wednesday,17,0.0,1.0,2.0,1.4353448275862069,1.8967164294940153,0.0,1.0,3.0,1.8706896551724137,2.2736212602082344,0.0,2.0,3.0,2.1120689655172415,2.3457488553109993,1.0,2.0,3.0,2.271551724137931,2.3520206302097093,1.0,2.0,3.0,2.4051724137931036,2.3776682829299993,1.0,2.0,4.0,2.7758620689655173,2.590646535147194
Monday,17,0.0,1.0,2.0,1.4262295081967213,1.672424783040527,0.0,1.0,3.0,1.9057377049180328,1.94875919921238,1.0,2.0,3.0,2.192622950819672,2.2054428754791986,1.0,2.0,3.0,2.3934426229508197,2.3432149735634984,1.0,2.0,4.0,2.6188524590163933,2.4708616969525394,1.0,2.0,4.0,2.9139344262295084,2.6303019142850195
Saturday,0,0.0,1.0,2.0,1.4146341463414633,1.6097789090752752,1.0,2.0,3.0,2.341463414634146,2.150047442457451,1.0,3.0,4.0,3.2439024390243905,2.598959790063007,2.0,3.0,6.0,4.2439024390243905,3.016665543727051,3.0,4.5,7.75,5.390243902439025,3.5233124760620806,3.0,5.0,9.0,6.341463414634147,4.251998839166658
Monday,23,0.0,1.0,2.0,1.3214285714285714,1.6526248307371008,1.0,1.5,3.0,2.2142857142857144,2.301890809465406,1.0,2.0,4.0,3.4464285714285716,3.201815637513093,2.0,3.5,5.25,4.535714285714286,3.846908017967326,3.0,4.0,7.0,5.857142857142857,4.261577050933018,4.0,5.0,9.25,6.964285714285714,4.471990753423054
Wednesday,23,0.0,1.0,2.0,1.32,2.1327380121738884,0.0,1.0,3.75,2.26,2.919393283347953,1.0,2.5,5.0,3.5,3.592793239988369,2.0,3.0,6.0,4.36,4.124392348564569,2.25,4.0,6.75,5.54,4.652012950303978,3.0,5.0,8.0,6.5,4.743416490252569
Tuesday,23,0.0,1.0,2.0,1.3064516129032258,1.48863134056492,1.0,2.0,3.0,2.306451612903226,2.0849870045388093,2.0,3.0,5.0,3.5806451612903225,3.022041363577428,2.0,4.0,6.0,4.774193548387097,3.8471592876921186,2.25,5.0,8.0,5.564516129032258,4.396798267823111,3.0,5.0,9.0,6.467741935483871,4.847570768801674
Thursday,23,0.0,1.0,2.0,1.2985074626865671,1.732181365802777,0.0,1.0,4.0,2.373134328358209,2.701491287909734,1.0,3.0,6.0,3.716417910447761,3.5153601054784565,2.0,4.0,6.5,5.014925373134329,4.537695775268755,3.0,5.0,8.0,6.268656716417911,4.986594421629396,4.0,6.0,10.0,7.8059701492537314,5.808141636687478
Sunday,2,0.0,1.0,2.0,1.2432432432432432,1.4690531988238018,0.0,1.0,3.0,2.027027027027027,2.222170128702396,1.0,2.0,4.0,3.1283783783783785,2.9190446797283554,1.75,3.0,6.0,4.155405405405405,3.4909266996434507,2.0,4.0,7.0,5.222972972972973,4.213391262538688,3.0,5.0,8.0,6.108108108108108,4.749701222447455
Wednesday,21,0.0,1.0,2.0,1.2258064516129032,1.453952714026029,0.0,1.0,3.0,1.8064516129032258,1.9221403840286946,1.0,2.0,3.5,2.5161290322580645,2.7064240581985115,1.0,3.0,4.5,3.4193548387096775,2.6680104141274397,2.0,4.0,6.0,4.419354838709677,3.074347557324286,3.0,5.0,7.5,5.548387096774194,3.7133875789941393
Wednesday,18,0.0,1.0,2.0,1.1409395973154361,1.5897481282240051,0.0,1.0,2.0,1.4228187919463087,1.775133067161716,0.0,1.0,2.0,1.5838926174496644,1.8420782591180542,0.0,1.0,3.0,1.8187919463087248,1.9866231408393704,1.0,2.0,3.0,2.2550335570469797,2.206116688541408,1.0,2.0,4.0,2.8859060402684564,2.6059448702510175
Friday,18,0.0,1.0,2.0,1.1172413793103448,1.5343449936005178,0.0,1.0,2.0,1.5586206896551724,1.8814734993444984,0.0,1.0,3.0,1.896551724137931,2.1334770066562787,0.0,2.0,3.0,2.117241379310345,2.2220593810067957,1.0,2.0,3.0,2.489655172413793,2.4327546154836677,1.0,3.0,4.0,3.206896551724138,2.679387761027948
Thursday,18,0.0,1.0,2.0,1.1169590643274854,1.392544895703441,0.0,1.0,2.0,1.4502923976608186,1.6311805277162572,0.0,1.0,3.0,1.6608187134502923,1.7861023707241903,0.0,1.0,3.0,1.7953216374269005,1.8082104531828294,1.0,2.0,3.0,2.216374269005848,1.8895909175187404,1.0,2.0,4.0,2.8830409356725144,2.2927774304047133
Friday,23,0.0,1.0,2.0,1.1041666666666667,1.32471728550843,0.0,1.0,3.0,1.8958333333333333,1.8707102227733325,1.0,2.0,4.0,2.4583333333333335,2.305943600031194,1.0,2.5,5.0,3.2916666666666665,2.895031204280684,1.75,3.0,5.25,4.104166666666667,3.477829986994723,2.0,3.0,6.0,4.958333333333333,3.94083009580109
Friday,22,0.0,1.0,2.0,1.0,1.1710800875382399,0.0,1.0,3.0,1.8611111111111112,2.1132612275516283,0.0,2.0,4.0,2.2777777777777777,2.2879948939891963,1.0,2.5,4.0,2.9166666666666665,2.7189809015248976,1.0,3.0,6.25,3.9166666666666665,3.174676586452773,1.0,4.0,7.0,4.555555555555555,3.7297601948531636
Saturday,22,0.0,1.0,1.5,0.9361702127659575,1.1306838123194558,0.0,1.0,2.0,1.148936170212766,1.3347972229039027,0.5,1.0,3.0,1.7446808510638299,1.6611688538938738,1.0,2.0,4.0,2.4893617021276597,2.03098113391717,1.0,2.0,5.0,2.9574468085106385,2.3770409702575743,2.0,3.0,6.0,3.7872340425531914,2.4929131746226574
Saturday,18,0.0,1.0,1.0,1.173913043478261,1.7870737790731512,0.0,1.0,2.0,1.5923913043478262,2.145562643960541,0.0,1.0,2.0,1.798913043478261,2.2586322359110818,0.0,1.0,3.0,1.923913043478261,2.3152320312481565,0.0,2.0,3.0,2.1847826086956523,2.4491744915762315,1.0,2.0,4.0,2.5760869565217392,2.606145304388937
Thursday,0,0.0,1.0,1.0,1.170731707317073,1.7820016240410015,0.0,1.0,3.0,1.8943089430894309,2.335797712335585,1.0,2.0,4.0,2.707317073170732,2.9496643524447266,1.0,3.0,5.0,3.7154471544715446,3.9287096392532637,2.0,4.0,6.0,4.8861788617886175,4.4227490376137615,2.0,4.0,7.0,5.67479674796748,4.7658208227007135
Sunday,22,0.0,1.0,1.0,1.088235294117647,1.2152477502444319,0.25,1.0,2.75,1.4705882352941178,1.4192463667575008,1.0,2.0,3.0,2.3823529411764706,1.9696901137958294,2.0,3.0,4.75,3.2941176470588234,2.540930535402287,2.0,3.0,6.0,4.411764705882353,3.4122564031943465,2.0,5.0,8.75,5.764705882352941,4.163760127063267
Saturday,19,0.0,1.0,1.0,0.9693877551020408,1.2222514431834313,0.0,1.0,2.0,1.2551020408163265,1.5217408946023205,0.0,1.0,2.0,1.530612244897959,1.6510170663111208,0.0,1.0,3.0,1.8265306122448979,1.7470181382406675,1.0,2.0,3.0,2.1530612244897958,1.901448394307066,1.0,3.0,4.0,2.8877551020408165,2.1580950604461693
Wednesday,22,0.0,0.5,2.0,1.173913043478261,1.5958884370098187,0.0,1.0,3.75,1.9565217391304348,2.3847340568162165,1.0,2.0,4.0,2.8043478260869565,3.030361659511883,1.0,3.5,5.0,3.847826086956522,3.6512852611061515,2.0,4.5,6.75,5.0,4.5117131508503014,2.25,4.5,7.75,5.673913043478261,4.9398801057249555
Monday,19,0.0,0.0,2.0,1.4166666666666667,2.225017803378686,0.0,1.0,3.0,1.625,2.291672001701003,0.0,1.0,3.0,1.7083333333333333,2.3342972522735472,0.0,1.0,3.0,2.111111111111111,2.553956089244742,0.0,2.0,4.0,2.7916666666666665,2.877486677200224,1.0,3.0,5.25,3.638888888888889,3.273046371633118
Sunday,20,0.0,0.0,2.0,1.21875,1.9556085400470005,0.0,1.0,2.0,1.578125,2.0455502422699845,0.0,1.0,3.0,2.140625,2.518926374343855,1.0,2.0,4.0,2.765625,2.9853727400151215,1.0,2.0,5.0,3.453125,3.5363405329633304,1.75,3.5,5.25,4.484375,4.078562567749528
Monday,18,0.0,0.0,2.0,1.0797101449275361,1.7132442192480446,0.0,1.0,2.0,1.326086956521739,1.7927796933476574,0.0,1.0,2.0,1.5,1.8649670747176799,0.0,1.0,3.0,1.7173913043478262,1.9963072859832525,0.0,2.0,3.0,2.0869565217391304,2.118663195347982,1.0,2.0,4.0,2.5942028985507246,2.457337236583148
Saturday,20,0.0,0.0,2.0,0.9473684210526315,1.2452918853422472,0.0,1.0,2.0,1.263157894736842,1.4943502624106966,0.0,1.0,3.0,1.8070175438596492,2.0216559380442494,0.0,1.0,3.0,2.245614035087719,2.480500394177309,1.0,2.0,5.0,2.912280701754386,2.9355013063869513,1.0,3.0,6.0,3.56140350877193,3.2951129606674936
Thursday,19,0.0,0.0,2.0,0.8539325842696629,1.0718565223454033,0.0,1.0,2.0,1.0898876404494382,1.3537863521368019,0.0,1.0,2.0,1.2696629213483146,1.420339627629285,0.0,2.0,3.0,1.7752808988764044,1.6838322699666382,1.0,2.0,4.0,2.449438202247191,2.200264632612178,1.0,3.0,5.0,3.3707865168539324,2.7649676246333676
Sunday,23,0.0,0.0,1.0,0.9464285714285714,1.3937476340903572,0.0,1.0,2.25,1.75,2.0911067100287526,1.0,2.0,4.0,2.732142857142857,2.760046583457812,1.0,3.0,5.25,3.8392857142857144,3.268454100609676,2.0,4.0,7.25,4.946428571428571,4.19705369756687,3.0,5.0,9.0,6.035714285714286,4.484171295545277
Monday,22,0.0,0.0,1.0,0.8974358974358975,1.6669365503485696,0.0,1.0,2.0,1.6153846153846154,2.034121879795394,1.0,2.0,4.0,2.6923076923076925,2.8298581529808,1.0,3.0,5.0,3.7948717948717947,3.592239348340041,2.0,4.0,6.0,4.743589743589744,4.314711362657985,3.0,4.0,6.0,5.564102564102564,4.72281624164668
Friday,19,0.0,0.0,1.0,0.8571428571428571,1.2268474392422466,0.0,1.0,1.0,1.0510204081632653,1.4241832456200942,0.0,1.0,2.0,1.2448979591836735,1.5668026704205698,0.0,1.0,2.0,1.5816326530612246,1.8215404684217265,0.0,1.0,3.0,2.0306122448979593,2.1750889619566913,1.0,2.0,4.0,2.795918367346939,2.588472397784484
Tuesday,18,0.0,0.0,1.0,0.8536585365853658,1.1471164298127332,0.0,1.0,2.0,1.1219512195121952,1.3869704275618207,0.0,1.0,2.0,1.3231707317073171,1.6049615388612906,0.0,1.0,2.0,1.4634146341463414,1.7457757742670321,0.75,1.0,2.0,1.7621951219512195,1.859687964056615,1.0,2.0,3.0,2.5365853658536586,2.329828567121875
Saturday,23,0.0,0.0,1.0,0.8387096774193549,1.1761781451315698,0.25,1.0,3.0,1.8548387096774193,1.9489112066976657,1.0,2.0,5.0,3.467741935483871,3.974169639780563,2.0,3.0,6.0,4.629032258064516,4.524011968819747,3.0,4.0,7.0,6.016129032258065,5.750244286995719,3.0,5.0,9.0,7.032258064516129,6.3270632400653595
Tuesday,19,0.0,0.0,1.0,0.821917808219178,1.2286223738786175,0.0,0.0,2.0,1.0410958904109588,1.593723419511536,0.0,1.0,2.0,1.2602739726027397,1.7561589815107692,0.0,1.0,2.0,1.7397260273972603,2.204965338983522,1.0,2.0,3.0,2.506849315068493,2.7944552623167547,1.0,3.0,5.0,3.493150684931507,3.4605847597994868
Thursday,22,0.0,0.0,1.0,0.8214285714285714,1.2807262550052372,0.0,1.0,2.0,1.2321428571428572,1.4011822466444854,1.0,2.0,3.0,2.0892857142857144,2.0115736554818398,1.0,3.0,4.0,3.1607142857142856,2.402852741784502,2.0,3.5,6.0,4.142857142857143,3.0714436725693393,3.0,5.0,7.0,5.196428571428571,3.6602018963546152
Wednesday,19,0.0,0.0,1.0,0.8051948051948052,1.136001309290399,0.0,1.0,1.0,0.922077922077922,1.2114175446692472,0.0,1.0,2.0,1.12987012987013,1.3702732089340253,0.0,1.0,2.0,1.4675324675324675,1.560907424885784,1.0,2.0,3.0,2.038961038961039,1.8168912029064666,1.0,2.0,4.0,2.6623376623376624,2.1001904024609765
Sunday,19,0.0,0.0,1.0,0.788235294117647,1.3895367303277633,0.0,0.0,1.0,0.9647058823529412,1.5074976018580737,0.0,1.0,2.0,1.1764705882352942,1.5597349483946614,0.0,1.0,2.0,1.5176470588235293,1.7836009904115888,1.0,1.0,3.0,2.070588235294118,2.1088714838923277,1.0,2.0,4.0,2.9529411764705884,2.649824263503333
Tuesday,22,0.0,0.0,1.0,0.7631578947368421,1.1492467692178259,0.0,1.0,2.0,1.2894736842105263,1.8874821600995777,0.0,1.0,2.75,2.026315789473684,3.1148019945334178,1.0,2.0,4.0,2.8947368421052633,3.3835010948137696,1.25,3.0,4.0,3.4210526315789473,3.374239285218493,2.0,3.0,5.0,4.2631578947368425,3.6590074752759363
Tuesday,21,0.0,0.0,1.0,0.75,1.0801234497346435,0.0,1.0,2.0,1.125,1.284772752529032,0.0,1.0,2.0,1.55,1.4313343245789742,1.0,2.0,4.0,2.425,2.1825355755317113,1.75,3.0,4.25,3.3,2.52373349806012,2.0,3.5,5.0,4.125,3.1475468673319673
Friday,21,0.0,0.0,1.0,0.7297297297297297,1.2393692089268784,0.0,0.0,2.0,1.0810810810810811,1.4977460543240444,0.0,1.0,3.0,1.7297297297297298,2.1035505520250575,0.0,2.0,4.0,2.5945945945945947,2.9103212829462612,1.0,3.0,5.0,3.972972972972973,4.153221550706059,1.0,4.0,6.0,5.081081081081081,4.935013105793576
Thursday,20,0.0,0.0,1.0,0.7246376811594203,0.9982935141149399,0.0,1.0,1.0,0.9565217391304348,1.2997147040871935,0.0,1.0,2.0,1.4057971014492754,1.7432123877528534,1.0,2.0,3.0,2.463768115942029,2.632264235266393,1.0,2.0,4.0,3.391304347826087,3.317588561273472,2.0,3.0,5.0,4.405797101449275,3.979058566529755
Tuesday,20,0.0,0.0,1.0,0.6862745098039216,1.1043585663801656,0.0,1.0,1.0,0.9607843137254902,1.1128483151575597,0.0,1.0,2.0,1.3137254901960784,1.4490023613290821,0.5,2.0,4.0,2.1372549019607843,1.908083937809207,1.0,2.0,4.5,2.980392156862745,2.6267104604689977,2.0,3.0,5.5,3.764705882352941,3.1596723582936104
Friday,20,0.0,0.0,1.0,0.6805555555555556,1.0045865085736208,0.0,0.0,2.0,0.9444444444444444,1.298849858381094,0.0,1.0,2.0,1.4027777777777777,1.7087984595246644,0.0,1.0,3.0,1.8888888888888888,2.0661971297603077,0.0,2.0,5.0,2.625,2.5807385120553445,1.0,3.0,5.0,3.5416666666666665,3.2150066260637473
Wednesday,20,0.0,0.0,1.0,0.6739130434782609,1.1363557311977999,0.0,0.0,1.0,0.8478260869565217,1.17317027852544,0.0,1.0,2.0,1.2391304347826086,1.336409494939426,0.0,2.0,2.0,1.6304347826086956,1.4354046375255836,1.0,2.0,3.0,2.3043478260869565,1.8603412496682943,1.25,3.0,5.0,3.152173913043478,2.1599114313564685
Sunday,21,0.0,0.0,1.0,0.631578947368421,1.1489372911539895,0.0,1.0,2.0,1.2105263157894737,1.6790907246039222,0.0,1.0,3.0,1.9210526315789473,2.5614773919727423,1.0,2.0,3.0,2.5526315789473686,3.0197312250278587,2.0,3.0,4.0,3.5789473684210527,3.5460795173121817,2.0,3.5,6.0,4.7368421052631575,4.397076488994832
Monday,20,0.0,0.0,1.0,0.625,0.9138415524469893,0.0,0.5,1.0,0.8541666666666666,1.1483491079627595,0.0,1.0,2.0,1.2916666666666667,1.583939786805973,1.0,1.0,3.0,2.2916666666666665,2.584391226998033,1.0,2.0,4.0,3.0,2.9099974409581497,1.0,2.0,5.0,3.5416666666666665,3.338736755206582
Monday,21,0.0,0.0,1.0,0.5925925925925926,1.1183524715903528,0.0,0.0,1.0,0.7407407407407407,1.1297580609817646,0.0,1.0,3.0,1.7037037037037037,1.588778311853647,1.0,2.0,4.0,2.7777777777777777,2.1363760352762253,2.0,4.0,5.0,4.0,2.9612887007569473,2.0,4.0,6.0,4.592592592592593,3.608315814884143
Saturday,21,0.0,0.0,1.0,0.43478260869565216,0.6201137498894314,0.0,0.0,1.0,0.6304347826086957,0.7988518330752765,0.0,1.0,2.0,1.1956521739130435,1.3600582539385142,1.0,2.0,3.0,1.9782608695652173,1.7949203688283173,1.0,2.0,4.75,2.869565217391304,2.655047148793942,2.0,3.5,5.75,3.891304347826087,3.0348220586281878
Thursday,21,0.0,0.0,1.0,0.4117647058823529,0.7014118687516404,0.0,0.0,1.0,0.6764705882352942,0.878034590168848,0.25,1.0,2.0,1.3529411764705883,1.1776286635277735,1.0,2.0,3.75,2.235294117647059,1.6707614582181922,2.0,3.0,4.0,3.1176470588235294,2.070934584547744,2.0,4.0,5.0,4.176470588235294,2.9997028967558945
